{
  "Parameters": {
    "PackageFullPath": { "Type": "string" },
    "PackagesDirDst": { "Type": "string" },
    "BaseUrl": { "Type": "string" }
  },
  "Modules": [ "SitecoreUtilityTasks" ],
  "Tasks": {
    "CheckPaths": {
      "Type": "EnsurePath",
      "Params": {
        "Exists": [
          "[parameter('PackageFullPath')]",
          "[parameter('PackagesDirDst')]"
        ]
      }
    },
    "InstallPackage": {
      "Type": "InstallPackage",
      "Params": {
        "PackageFullPath": "[parameter('PackageFullPath')]",
        "PackagesDirDst": "[parameter('PackagesDirDst')]",
        "BaseUrl": "[parameter('BaseUrl')]"
      }
    }
  }     
}