{
  "Parameters": {
    "ConfigDir": { "Type": "string" }
  },
  "Modules": [ "SitecoreUtilityTasks" ],
  "Tasks": {
    "EnableConfigFiles": {
      "Type": "EnableConfigFiles",
      "Params": {
        "ConfigDir": "[parameter('ConfigDir')]",
        "ConfigFileList": [
          "Sitecore.Commerce.Engine.Connectors.Index.Common.config",
          "Sitecore.Commerce.Engine.Connectors.Index.Solr.config",
          "Sitecore.Commerce.Engine.Connectors.Index.Solr.Master.ExcludeFields.config",
          "Sitecore.Commerce.Engine.Connectors.Index.Solr.Web.ExcludeFields.config"
        ]
      }
    }
  }
}